{"cameraMode":{"drawMode":0,"name":"Shaded","section":"Shading Mode"},"sceneLighting":true,"audioPlay":false,"sceneViewState":{"showFog":true,"showMaterialUpdate":false,"showSkybox":true,"showFlares":true,"showImageEffects":true,"showParticleSystems":true},"in2DMode":false,"pivot":{"x":0.08294796943664551,"y":-2.3582868576049806,"z":3.5046377182006838},"rotation":{"x":-0.47843101620674136,"y":0.5177093148231506,"z":-0.45572933554649355,"w":-0.5435048937797546},"size":17.223676681518556,"orthographic":false}